v_conv,age_SP,age_OP,dip_int,eta_int,mu_lith,eta_UM,eps_trans
8.0287,83.9,47.8,29.0,9.96468e+19,0.3288,1.73964e+20,1.84203e-14
6.3224,80.4,5.2,52.9,5.69714e+20,0.1434,3.42365e+20,3.06026e-14
3.4078,103.0,16.7,20.3,2.79276e+19,0.5527,6.37160e+19,3.21347e-14
5.0459,68.8,39.1,56.8,4.13025e+19,0.362,1.18449e+20,3.68850e-14
9.5031,87.9,24.0,61.9,1.13190e+19,0.5651,3.06409e+20,3.69904e-15
1.4358,64.8,11.2,28.7,1.17481e+20,0.5168,1.26872e+20,4.41301e-14
1.5412,53.2,5.8,27.2,6.72669e+19,0.3737,3.73940e+20,2.43973e-15
2.9172,109.2,39.8,49.1,3.60041e+19,0.1157,1.18659e+20,9.60150e-14
8.9692,66.5,35.9,25.5,7.00615e+19,0.4236,6.45380e+20,3.44155e-15
6.2579,58.0,46.8,46.7,1.81984e+19,0.2632,2.25964e+20,1.14048e-15
3.9893,92.0,29.3,38.7,1.08060e+19,0.1696,7.44769e+19,5.36678e-14
3.8457,96.2,8.1,37.6,3.71234e+20,0.2205,6.63771e+19,4.42619e-15
8.1112,96.6,16.6,63.1,1.29982e+20,0.1025,2.32910e+20,8.00246e-14
4.2973,109.7,31.1,59.3,6.75712e+19,0.2967,9.04714e+19,2.23355e-14
7.5231,61.1,29.7,21.2,7.90592e+19,0.5016,6.11102e+20,4.65585e-14
4.5399,99.7,39.7,35.5,2.60627e+20,0.1505,1.09136e+20,1.27415e-14
6.8727,105.6,7.0,49.8,1.65477e+20,0.0993,7.50145e+20,4.26190e-14
2.766,58.4,22.2,35.0,3.94188e+20,0.1938,1.02325e+20,6.19799e-14
3.025,79.3,15.8,66.6,6.91673e+19,0.0713,1.56322e+20,7.70342e-14
2.226,100.9,14.0,54.6,2.84167e+20,0.2488,3.60488e+20,5.21619e-14
9.0855,90.0,37.3,67.2,2.42645e+20,0.5552,1.87404e+20,7.57076e-14
7.9741,50.2,33.0,38.9,9.74716e+20,0.092,2.46395e+20,3.57514e-15
4.4612,98.8,18.6,63.7,1.34657e+19,0.0953,2.88898e+20,4.17895e-15
8.8184,50.8,30.9,69.6,4.72948e+19,0.2715,4.34951e+20,7.18569e-15
4.0728,97.7,30.9,40.5,4.58270e+20,0.4741,1.51266e+20,2.68364e-15
8.5293,90.8,35.2,68.2,4.01393e+20,0.2004,2.58539e+20,4.33691e-14
5.5822,79.5,10.7,41.4,8.90516e+19,0.07,6.98467e+20,1.10837e-14
7.8414,60.3,22.6,39.4,4.20722e+20,0.2068,1.35359e+20,6.87893e-14
8.3175,107.6,43.2,65.9,5.82116e+19,0.0945,2.35596e+20,2.32539e-15
2.2783,67.9,45.3,55.2,3.56512e+19,0.0725,3.10799e+20,9.74481e-14
4.2012,90.4,29.8,60.1,2.31227e+19,0.148,8.36629e+20,1.08111e-15
2.0969,89.7,40.9,26.7,5.52434e+19,0.1177,1.14005e+20,1.16527e-14
7.4231,65.7,31.7,23.6,1.47478e+20,0.2659,2.19842e+20,1.02156e-14
3.518,55.3,19.6,58.7,2.73339e+19,0.3912,8.68322e+19,1.79276e-15
2.1542,54.9,47.3,43.9,1.07613e+20,0.3926,2.73798e+20,7.60002e-14
9.5686,55.5,27.9,58.5,2.21301e+20,0.4426,6.77693e+19,1.91041e-15
7.0996,93.7,17.4,66.5,5.23509e+19,0.351,9.42126e+19,1.73340e-14
6.5148,96.0,30.6,33.7,2.69625e+20,0.1325,8.31613e+19,1.26657e-15
1.7295,101.7,38.5,21.2,2.96260e+20,0.3068,6.19274e+19,8.76774e-15
2.0143,57.8,39.4,39.9,8.03669e+20,0.5149,3.55570e+20,2.94204e-15
3.1265,76.9,49.8,68.9,6.10780e+19,0.1901,7.88436e+20,6.51798e-15
9.4374,106.3,17.0,38.1,2.87536e+20,0.3334,3.79054e+20,3.14996e-15
4.2646,81.4,46.1,44.0,6.23500e+20,0.3243,2.02200e+20,1.42058e-14
6.5299,81.3,9.5,26.2,1.14088e+20,0.1557,2.13054e+20,7.81860e-14
2.9303,75.0,42.9,63.9,1.18344e+20,0.5366,5.54836e+20,6.65842e-15
5.4984,60.0,32.8,64.7,6.55763e+19,0.4974,1.42222e+20,2.84666e-15
6.9981,84.8,8.2,47.8,6.17058e+20,0.5108,8.81133e+20,1.02665e-15
9.5861,70.4,10.0,21.4,3.15783e+20,0.3688,5.25630e+20,2.20718e-15
3.9502,95.7,24.5,25.1,1.32632e+19,0.2097,7.19423e+20,2.74544e-14
8.2078,61.7,28.4,23.5,3.76634e+19,0.3699,1.48083e+20,8.02273e-15
6.9042,87.4,35.4,59.1,1.22838e+19,0.2399,1.17717e+20,1.09855e-15
5.5479,104.0,43.0,30.1,1.10472e+19,0.2356,4.70447e+20,6.59729e-14
6.8224,101.9,34.5,41.0,2.12352e+20,0.2546,5.28231e+20,8.89040e-14
6.4921,105.2,14.7,30.9,1.16161e+19,0.4872,9.52585e+19,3.48397e-14
8.684,93.0,25.8,64.8,1.67704e+19,0.3983,7.37011e+20,1.24508e-15
1.9214,94.6,36.7,27.5,4.82599e+19,0.593,5.32982e+20,3.70441e-14
9.969,94.9,35.3,22.0,6.85211e+19,0.4501,1.53470e+20,1.70616e-15
5.7409,65.1,37.6,24.4,1.55680e+19,0.4628,2.13436e+20,9.93741e-15
7.9559,66.0,17.7,22.3,3.18864e+20,0.3781,1.65902e+20,8.33566e-15
7.9902,82.1,37.4,57.1,1.32686e+20,0.4318,1.85463e+20,1.00493e-14
8.8383,61.9,25.7,51.1,2.12401e+19,0.2733,2.54838e+20,3.39768e-15
2.2079,99.9,48.5,30.7,2.39319e+20,0.5374,1.69232e+20,4.88005e-14
8.7156,57.2,15.1,40.4,1.98757e+20,0.595,2.44923e+20,4.85894e-14
4.3713,86.2,38.9,65.3,4.83850e+20,0.3763,5.70862e+20,2.54161e-15
7.4707,95.6,12.6,42.3,7.86017e+20,0.2465,6.31824e+19,1.58816e-14
3.7494,59.0,24.9,67.2,2.00477e+20,0.4044,1.02898e+20,1.80482e-14
2.1312,53.5,12.7,37.9,1.22117e+20,0.473,1.34138e+20,1.64065e-14
8.4157,77.0,19.9,37.0,1.54075e+19,0.315,4.63894e+20,3.12938e-15
4.9349,77.5,23.4,67.5,4.34979e+19,0.0553,1.79600e+20,2.18101e-15
8.2277,83.3,24.7,47.6,8.00557e+20,0.2766,3.88683e+20,2.01820e-15
5.0,102.6,25.7,44.2,1.54880e+20,0.2076,8.02734e+19,1.06066e-14
3.4762,69.4,9.8,25.3,3.45808e+19,0.1464,1.47024e+20,9.03259e-14
5.4325,57.9,11.8,60.4,3.98916e+19,0.4653,2.47870e+20,8.05502e-14
5.8762,92.5,23.2,50.2,6.68800e+20,0.4904,1.92226e+20,2.34176e-15
5.2609,52.0,11.7,32.9,8.51902e+20,0.4111,2.71444e+20,1.20707e-15
7.6335,52.1,39.2,46.4,1.69934e+20,0.4097,7.33017e+20,8.36064e-14
6.3509,84.1,19.6,51.0,7.64196e+20,0.1216,3.19436e+20,4.17074e-14
7.5582,85.5,41.6,27.7,9.44883e+20,0.4148,4.49841e+20,2.99953e-15
1.192,76.3,12.9,31.5,1.01688e+20,0.1532,2.27379e+20,3.32118e-15
2.5391,62.3,25.6,40.9,1.18861e+19,0.5586,4.87283e+20,4.13351e-14
1.8958,80.1,11.3,32.0,2.77271e+20,0.5787,4.80132e+20,3.20869e-15
9.8027,68.3,14.7,54.1,8.48712e+19,0.1296,2.40158e+20,4.25047e-15
4.3411,104.7,26.4,65.2,1.88412e+20,0.2822,7.77362e+19,3.42114e-14
5.1055,77.2,44.2,39.3,2.30867e+20,0.4252,7.63610e+19,4.95604e-14
2.2667,103.5,32.5,62.9,6.06604e+19,0.3522,1.10151e+20,3.27459e-15
2.8112,101.2,7.6,41.2,2.27464e+20,0.3459,3.01628e+20,2.07149e-15
9.2499,102.1,40.0,28.4,6.28581e+20,0.3276,5.03258e+20,8.54395e-15
7.7609,69.5,5.6,34.4,2.54760e+20,0.417,8.49140e+19,2.77702e-15
5.9868,106.4,14.3,48.2,3.01645e+19,0.2293,1.80982e+20,8.70522e-15
8.2584,55.9,23.1,53.9,3.06381e+20,0.1578,1.19729e+20,2.44337e-14
4.8042,93.8,34.4,66.1,5.06391e+20,0.2156,2.41168e+20,3.98602e-14
2.8557,74.1,41.7,69.5,3.65248e+19,0.5456,1.39855e+20,7.21456e-14
1.2145,90.6,49.3,56.8,2.07730e+19,0.4468,5.80211e+19,2.85572e-14
9.9522,66.6,18.6,55.5,2.40557e+19,0.4371,1.81786e+20,5.94479e-14
9.7169,76.2,28.8,55.0,9.63119e+20,0.4821,6.30070e+19,5.13943e-14
2.4286,101.0,47.6,26.5,5.43105e+19,0.159,2.69593e+20,3.50072e-15
7.7086,109.9,6.7,27.7,7.41135e+20,0.2134,9.56749e+19,1.16785e-15
1.0306,72.6,22.9,69.5,6.48870e+20,0.4505,7.67943e+20,2.89627e-14
9.4222,61.0,44.4,30.1,3.47087e+20,0.3404,9.89638e+20,9.67501e-14
3.7695,75.6,38.7,27.1,8.83811e+19,0.4003,4.18570e+20,2.21429e-14
5.393,57.6,39.9,63.7,3.47244e+19,0.1783,6.26745e+20,1.75799e-14
8.3012,69.1,36.2,46.4,4.66889e+20,0.2471,1.04365e+20,3.05256e-15
2.9708,56.8,27.1,36.3,9.13387e+19,0.586,1.14657e+20,4.02580e-15
3.1008,97.2,14.2,25.9,1.72020e+20,0.3496,1.31454e+20,2.82987e-14
4.576,60.4,17.8,49.4,4.49988e+19,0.4841,1.20052e+20,5.52946e-14
6.2422,70.1,31.6,47.9,4.43814e+19,0.1291,5.01494e+20,9.98921e-14
8.0439,98.8,45.4,48.6,1.74609e+20,0.1239,6.93040e+20,1.37300e-14
7.1996,109.1,38.0,55.9,9.05227e+20,0.0537,6.37338e+20,5.01670e-15
9.4856,56.4,40.3,53.4,2.25088e+19,0.5719,3.93246e+20,1.82380e-14
5.185,91.6,26.4,61.4,4.15766e+20,0.1097,5.76544e+19,1.97016e-15
8.6034,55.6,24.2,41.8,2.33248e+20,0.4162,6.55465e+20,5.91339e-14
2.7881,74.4,17.0,66.3,2.06889e+20,0.1313,1.22483e+20,6.94330e-15
2.1111,61.5,44.1,23.9,2.04426e+20,0.1974,2.80712e+20,6.01092e-14
6.1076,102.3,37.0,37.7,4.50279e+20,0.3899,1.57521e+20,5.30971e-14
9.1611,82.9,9.2,54.4,2.15339e+20,0.1141,1.11317e+20,1.55437e-14
9.5335,106.8,48.0,59.6,4.10408e+20,0.2586,5.11736e+20,1.05651e-14
4.486,72.4,43.2,35.3,3.73097e+19,0.0935,6.25009e+19,1.07069e-14
2.0527,107.8,26.1,49.8,4.02706e+19,0.0517,8.02043e+19,7.07475e-14
7.7296,51.0,23.5,63.2,2.14988e+19,0.5266,2.22836e+20,9.03683e-15
7.2706,98.2,14.1,65.4,1.10739e+19,0.1184,6.01691e+19,4.38885e-15
6.3352,75.3,43.7,38.9,3.25117e+19,0.5439,9.55223e+20,1.42292e-15
7.2833,63.8,9.6,52.4,1.37137e+19,0.2281,4.00583e+20,6.82103e-14
5.8055,92.2,19.1,61.7,2.23022e+19,0.2176,1.28763e+20,2.29970e-15
1.5192,106.5,47.2,23.4,6.59024e+20,0.133,2.37472e+20,6.34882e-14
6.1396,100.6,20.9,39.7,2.04038e+19,0.1874,3.11477e+20,2.73568e-15
5.3236,75.3,18.8,52.0,5.17883e+20,0.5192,8.25329e+19,2.63436e-14
7.6732,60.5,42.4,22.6,3.28134e+19,0.5857,6.20496e+19,1.03525e-15
8.8833,99.4,30.4,43.6,1.75499e+20,0.1045,1.68491e+20,5.68555e-15
6.898,100.0,5.1,20.6,4.09191e+19,0.1883,7.04853e+19,3.25780e-14
1.1425,52.6,32.1,20.2,3.68868e+19,0.0971,8.30363e+20,5.46089e-15
3.2236,74.8,42.1,31.1,9.21109e+20,0.3319,6.85218e+19,1.39174e-15
6.8562,88.8,14.8,60.2,2.14132e+20,0.5887,6.08395e+19,2.46877e-14
6.6321,84.4,6.4,36.7,1.87714e+19,0.4892,6.89629e+19,2.03881e-14
3.632,87.8,33.6,53.6,8.08503e+19,0.5412,3.50650e+20,2.92360e-14
1.0376,77.9,18.1,53.1,5.97414e+20,0.1363,1.45675e+20,5.25476e-14
5.9655,84.3,6.4,46.6,5.71385e+20,0.1479,5.62506e+20,2.55817e-14
6.8417,54.0,22.8,57.3,2.62000e+19,0.4131,9.76476e+19,5.78380e-14
3.336,103.8,40.6,39.6,1.17021e+19,0.1371,4.67291e+20,2.47421e-15
5.7096,54.2,5.8,69.2,3.52865e+19,0.0998,6.04401e+19,9.90237e-14
5.2848,106.0,5.5,61.3,6.30577e+19,0.4478,3.62304e+20,5.16600e-15
2.3623,98.0,30.0,32.4,1.00797e+19,0.4853,2.65585e+20,4.83089e-15
1.9138,89.1,37.2,53.5,1.13895e+19,0.3372,2.05712e+20,2.57350e-15
9.1034,104.8,26.8,56.0,3.02578e+19,0.1088,7.98513e+20,4.99450e-15
6.8056,66.4,10.0,62.0,5.32910e+20,0.4434,1.94895e+20,1.10811e-15
1.2161,72.0,38.6,33.3,1.11438e+20,0.0755,8.91938e+20,6.85140e-15
6.2267,71.5,28.3,46.0,4.53933e+19,0.2687,6.60163e+19,1.78063e-14
1.9839,58.1,33.9,20.8,5.00007e+20,0.3558,1.76605e+20,2.24197e-15
9.36,68.2,15.4,54.8,1.93135e+19,0.1007,6.70599e+20,5.86239e-15
2.5582,101.1,40.1,35.2,1.72183e+19,0.1771,2.76478e+20,3.65823e-14
2.6603,91.3,6.9,40.6,3.84237e+19,0.3005,1.43344e+20,2.19326e-14
7.5739,69.6,17.2,53.7,5.04861e+20,0.3559,2.77900e+20,2.09989e-15
9.3033,73.7,17.6,29.4,2.82599e+20,0.5475,9.81523e+20,5.42528e-15
6.4499,86.9,28.0,45.5,1.24397e+20,0.5603,4.73312e+20,4.15929e-15
4.7964,97.8,31.6,25.7,1.01745e+19,0.1121,7.92563e+19,3.13939e-14
1.4984,88.9,10.6,20.9,1.03065e+19,0.5729,4.29769e+20,4.79533e-14
5.8819,61.4,46.5,26.3,9.52605e+20,0.1389,5.90143e+19,1.39320e-15
8.6343,58.7,36.4,63.4,5.87258e+20,0.4613,2.57123e+20,8.40745e-14
4.622,86.7,14.5,33.6,3.06733e+19,0.265,1.04768e+20,1.56193e-15
2.0266,72.2,11.1,68.2,6.31396e+20,0.126,1.03322e+20,5.06686e-15
8.7357,56.1,13.1,68.3,1.33357e+20,0.5986,3.30989e+20,1.38848e-14
9.2698,75.5,25.9,62.3,1.99089e+19,0.5686,5.16042e+19,3.11478e-14
4.6712,84.0,21.7,32.6,1.39310e+20,0.4624,6.42157e+19,1.28921e-15
5.518,65.2,42.3,61.6,6.41468e+20,0.3872,1.69777e+20,1.18887e-15
9.1326,78.0,28.7,36.9,8.16731e+19,0.2599,6.66985e+19,2.94394e-14
8.7513,108.3,44.8,51.6,9.55463e+19,0.0845,7.26290e+20,1.28805e-14
6.0399,95.1,36.5,44.2,2.23352e+20,0.2535,1.21300e+20,8.21039e-14
4.5035,73.8,37.3,29.0,1.51998e+20,0.4942,1.40666e+20,3.32142e-14
8.0124,100.5,29.6,21.6,9.28148e+19,0.3057,2.28088e+20,9.44169e-15
2.4431,90.1,7.4,37.2,3.33424e+19,0.5358,4.59280e+20,3.41859e-15
9.9894,92.9,36.3,57.8,1.26424e+19,0.5348,1.24191e+20,4.01507e-15
4.4239,51.6,27.5,53.1,8.27741e+19,0.1058,1.15175e+20,1.00559e-15
2.1773,66.3,37.9,42.8,1.46251e+20,0.0874,5.21386e+19,6.76149e-15
8.3968,50.1,45.5,52.5,1.13200e+20,0.1435,2.80798e+20,6.26842e-15
8.9913,78.2,18.1,55.4,7.19724e+20,0.3192,4.08208e+20,1.32756e-14
7.5107,102.8,37.8,20.7,8.36503e+20,0.3473,7.50027e+19,1.22399e-14
8.6667,83.6,30.8,43.1,2.56230e+20,0.471,3.34442e+20,1.71074e-14
1.5751,87.0,26.8,42.2,1.33144e+19,0.5942,9.21901e+20,2.32591e-14
4.4006,60.9,37.7,22.7,2.58952e+20,0.2365,9.68286e+20,1.41740e-14
4.6434,104.4,5.4,23.2,4.20300e+19,0.3457,1.58125e+20,2.78102e-15
8.5502,98.6,38.3,38.4,1.43149e+20,0.3653,1.96115e+20,1.69144e-14
6.1567,65.8,10.8,45.3,5.75342e+19,0.3298,5.83869e+19,8.71690e-14
1.7955,89.9,20.2,24.0,1.96251e+19,0.0862,5.75414e+20,1.77551e-15
2.5748,85.3,12.2,58.0,2.40339e+20,0.2258,9.17995e+20,1.67675e-14
3.7046,97.4,35.5,58.3,3.55625e+19,0.5217,5.58898e+20,1.45854e-15
4.1172,50.4,13.8,62.4,4.38549e+19,0.509,3.64485e+20,6.68294e-15
6.5623,73.9,11.4,45.5,9.71583e+20,0.4926,1.72869e+20,2.40170e-14
5.9707,67.3,31.1,69.9,1.68411e+20,0.3804,3.67851e+20,1.91539e-14
7.8879,65.6,23.6,38.8,2.34967e+20,0.5619,7.03394e+19,2.37469e-15
2.518,59.6,6.3,55.1,9.00528e+19,0.3349,1.01643e+20,1.25766e-14
4.2462,86.2,26.0,20.9,1.42387e+19,0.5486,1.24577e+20,1.64371e-15
3.5646,72.9,46.0,40.0,3.22376e+19,0.4887,5.18557e+20,1.36572e-15
4.7763,50.9,19.0,43.1,3.30344e+20,0.098,7.82090e+19,3.54774e-14
6.939,61.9,9.1,32.2,1.25631e+19,0.343,5.08677e+20,9.10636e-14
1.4209,103.4,23.8,33.9,1.83149e+20,0.4579,8.66265e+19,3.08933e-15
1.0966,70.9,32.4,34.5,3.37942e+20,0.3823,6.82829e+20,8.49968e-14
3.1667,98.0,29.9,59.8,1.45810e+20,0.3965,6.40605e+20,1.04736e-15
9.9315,85.0,21.6,44.9,1.80079e+19,0.5999,9.06098e+20,5.23956e-15
6.4224,106.7,39.3,67.6,1.78773e+20,0.1348,1.75082e+20,2.30245e-14
5.0189,104.7,19.8,42.3,1.04585e+20,0.4952,2.64210e+20,5.70489e-14
5.5356,83.8,28.9,58.5,4.31090e+20,0.5308,8.56712e+19,4.73216e-14
3.6993,56.7,27.9,45.7,4.95970e+20,0.3424,3.46487e+20,7.88953e-15
1.6532,53.2,20.7,56.4,2.55163e+19,0.5638,3.83964e+20,1.46030e-14
2.2443,79.1,13.9,22.5,8.74259e+19,0.0892,1.01347e+20,3.75625e-15
9.1767,103.7,10.9,22.4,3.73782e+20,0.238,3.37798e+20,5.18808e-14
4.1377,56.1,20.3,48.0,9.12276e+20,0.1645,7.54660e+19,1.19680e-14
8.5658,77.0,21.1,65.5,5.13864e+19,0.1838,8.41553e+20,5.09565e-14
4.1605,81.9,36.7,38.2,3.34659e+19,0.2948,4.22234e+20,1.29875e-15
5.8251,72.5,18.7,58.7,2.46144e+19,0.4639,1.10734e+20,5.78306e-15
7.3053,53.8,35.9,61.5,8.78752e+20,0.2611,7.17678e+19,1.65559e-15
4.5209,90.2,39.0,38.3,7.18737e+19,0.0614,7.28965e+20,1.86192e-15
9.9164,107.2,14.2,67.7,1.50082e+20,0.1137,3.32927e+20,1.88475e-15
9.6044,83.0,42.8,64.2,5.85172e+20,0.2043,5.91741e+19,3.61133e-15
7.915,77.5,36.1,28.8,8.16133e+19,0.5026,5.40553e+20,3.66482e-15
6.4589,102.6,19.7,24.9,2.17144e+20,0.3601,3.57143e+20,9.18656e-15
2.0729,66.8,43.6,41.6,2.10266e+19,0.1862,6.22521e+20,5.39531e-14
3.6481,54.6,34.0,36.2,1.63508e+20,0.3546,3.76248e+20,2.58898e-14
2.475,89.5,21.8,47.2,3.94826e+20,0.1671,5.78063e+20,1.27767e-15
8.8554,80.8,43.0,34.2,1.66826e+19,0.4549,4.96921e+20,7.14014e-14
3.93,99.1,42.6,67.0,1.43601e+20,0.3584,1.05319e+20,5.51561e-15
5.0764,86.5,21.9,35.7,7.14087e+20,0.3414,5.26748e+19,7.33176e-15
4.0093,70.4,6.6,29.3,1.37483e+20,0.3135,8.90631e+19,3.78694e-15
5.1249,81.6,8.7,26.7,1.27831e+19,0.4684,8.88331e+19,3.16662e-14
2.8871,82.9,32.7,48.2,1.23963e+19,0.4701,3.86665e+20,3.65997e-15
7.6839,64.7,10.2,59.2,6.93276e+19,0.2087,1.59642e+20,1.20707e-14
1.5969,74.2,32.6,55.7,2.64325e+20,0.2143,1.31181e+20,6.73176e-14
1.373,50.6,34.3,37.9,2.80634e+19,0.2638,7.31246e+19,1.03615e-14
5.7189,64.9,8.8,69.0,4.09052e+20,0.1163,6.50325e+20,1.09068e-14
7.2583,71.0,47.0,31.1,9.50392e+19,0.4958,5.72402e+19,1.66196e-15
4.9831,109.9,45.0,48.8,1.21957e+19,0.4486,5.16847e+20,1.17211e-14
1.2361,98.4,29.5,21.8,4.16691e+19,0.1072,9.38697e+20,1.40342e-14
6.2186,63.7,33.5,66.2,1.66027e+20,0.5541,1.49651e+20,3.80706e-15
9.3161,108.9,24.3,42.5,3.95304e+19,0.0779,3.16136e+20,1.14853e-14
7.4928,100.6,48.5,38.1,2.97141e+19,0.2934,2.91027e+20,8.19223e-15
9.1427,91.8,45.8,47.2,5.92867e+19,0.2116,6.72289e+19,2.60964e-15
6.276,105.5,28.1,26.6,4.91847e+20,0.4441,1.12014e+20,2.71385e-14
8.2884,94.4,49.7,62.1,5.38082e+20,0.1703,1.64842e+20,6.46473e-15
4.7359,96.6,35.1,62.5,7.54615e+20,0.4068,1.22873e+20,8.11923e-15
5.2221,55.0,45.0,57.0,6.15466e+19,0.2499,6.14059e+19,7.39138e-15
8.1787,85.8,49.6,50.5,9.79181e+19,0.5529,3.81317e+20,6.41721e-14
8.0635,60.1,44.8,58.2,7.54803e+19,0.4245,5.68773e+20,1.48164e-14
6.6423,97.5,10.2,20.0,1.06292e+20,0.4081,1.44327e+20,7.73838e-14
4.3297,93.2,45.1,44.0,2.27308e+19,0.4748,8.69796e+20,1.86501e-14
4.2841,55.1,33.2,60.0,2.67950e+19,0.5822,9.86514e+20,1.03997e-14
1.7647,52.3,34.2,23.0,4.79488e+20,0.1942,9.35563e+20,1.15097e-15
3.978,73.4,25.4,47.0,6.42203e+19,0.2815,3.66235e+20,3.92226e-14
7.7478,57.5,48.1,40.1,4.90158e+19,0.3799,5.06458e+19,1.88802e-15
4.2059,65.4,7.8,44.4,9.35265e+20,0.3446,1.00118e+20,9.20149e-14
3.3203,72.7,49.9,29.7,8.14965e+20,0.1763,2.29049e+20,1.04333e-15
9.7647,83.5,13.3,35.3,1.86839e+20,0.3236,7.42229e+20,2.86813e-14
3.3461,76.6,31.9,52.6,4.44819e+20,0.5442,8.36958e+19,1.24506e-14
7.3362,76.7,21.2,55.1,1.78486e+20,0.3039,2.11018e+20,4.45505e-14
7.0217,92.6,8.3,56.5,4.35349e+20,0.5262,1.52971e+20,2.82283e-15
5.8443,50.6,9.4,53.5,5.48641e+20,0.0905,5.52451e+19,1.88061e-14
9.404,62.5,7.1,64.4,1.94700e+19,0.5295,4.14153e+20,2.38319e-14
7.8689,98.3,20.0,40.4,1.90694e+19,0.1401,7.48299e+20,4.28686e-15
8.2373,89.8,32.0,50.7,2.44113e+19,0.429,5.38123e+19,7.92997e-14
8.7967,59.3,26.9,65.7,7.34098e+20,0.5039,8.62372e+20,5.73325e-15
2.7228,61.4,44.0,21.0,8.55446e+20,0.275,3.91551e+20,2.04624e-15
5.8193,71.7,47.1,54.2,7.68548e+19,0.3526,4.67051e+20,4.37299e-14
8.5035,95.4,48.7,28.6,2.60129e+19,0.3225,4.58172e+20,5.84993e-14
9.0161,67.5,19.5,41.8,7.15546e+19,0.481,1.38351e+20,6.15257e-14
6.561,57.4,43.7,52.0,9.08390e+19,0.3907,7.10446e+19,6.31085e-15
3.1862,75.8,46.6,56.6,4.23689e+20,0.1643,4.20344e+20,2.26780e-15
1.7183,96.8,48.2,68.1,1.25997e+20,0.1629,8.43380e+19,2.11769e-14
5.2029,91.1,24.0,36.9,2.46012e+20,0.5111,8.18684e+20,8.86245e-14
5.6065,68.0,30.3,23.0,1.04579e+19,0.5692,7.40682e+19,6.23974e-15
8.9528,108.7,28.7,37.1,1.64688e+19,0.0558,2.67828e+20,8.98422e-15
6.1935,87.2,12.3,46.2,3.54058e+20,0.1831,2.51697e+20,1.19393e-15
5.9176,52.4,49.7,24.7,2.95782e+19,0.5754,1.37103e+20,3.84834e-14
4.1815,56.5,9.4,38.6,6.20555e+19,0.3173,1.32981e+20,1.51267e-15
1.3051,56.2,24.4,42.0,4.02281e+20,0.2854,6.57117e+19,1.34128e-15
5.354,51.4,41.3,34.8,2.71111e+20,0.0678,5.92974e+20,4.80936e-15
6.0893,93.5,26.2,40.3,2.01563e+19,0.5667,3.45921e+20,2.41472e-15
5.6519,85.6,22.9,26.9,3.38803e+19,0.3666,2.59951e+20,1.98032e-14
6.956,88.4,46.6,44.7,5.10441e+19,0.5425,2.83488e+20,1.52324e-14
9.4602,102.4,17.9,54.6,1.61691e+19,0.452,3.03797e+20,8.26043e-15
2.5866,70.0,13.4,64.8,5.46692e+19,0.52,2.04400e+20,1.35342e-15
4.7171,104.2,9.9,63.4,1.31682e+19,0.4349,2.41988e+20,3.89392e-14
1.2673,77.4,36.5,20.3,7.27401e+20,0.1745,9.25546e+19,5.47422e-14
8.7745,102.9,47.5,49.6,1.88900e+20,0.0835,4.09836e+20,3.59246e-14
1.1174,75.8,30.7,30.7,1.86362e+19,0.4453,2.30653e+20,3.10345e-14
1.4546,64.5,35.6,57.8,1.03495e+20,0.2991,2.21677e+20,7.50482e-15
2.3483,108.5,20.5,61.0,7.50931e+19,0.4278,2.96443e+20,4.53327e-15
7.4344,69.3,18.3,43.3,2.67822e+19,0.5513,7.08523e+20,6.27476e-14
3.7233,70.2,48.6,54.0,1.38623e+19,0.386,4.92696e+20,4.66803e-15
3.5855,96.3,11.9,50.8,1.60736e+19,0.1516,7.23565e+19,2.86161e-15
1.1654,59.6,21.4,29.9,2.26509e+20,0.2124,7.17527e+20,5.11603e-15
1.8297,71.4,36.0,51.8,2.90863e+20,0.1278,6.59650e+20,2.49168e-15
6.3885,58.8,40.4,51.2,3.09758e+20,0.4865,5.97932e+19,9.60086e-15
6.7352,101.4,39.9,69.9,3.77150e+19,0.3077,1.36528e+20,2.00050e-14
5.7648,101.6,9.2,26.9,2.46614e+20,0.3206,5.43038e+19,1.84967e-15
8.35,92.5,11.0,59.8,1.56592e+20,0.5009,1.63375e+20,1.53079e-14
5.3703,62.9,45.2,31.8,6.66059e+19,0.3086,6.16190e+20,6.64913e-14
2.8195,76.2,48.9,23.8,8.41905e+19,0.5671,5.30512e+19,6.71259e-14
8.0836,67.7,29.0,26.0,3.13176e+20,0.1211,2.62340e+20,5.60786e-15
9.4583,69.7,25.2,36.0,5.26651e+19,0.4403,4.26264e+20,2.28213e-14
5.4158,78.4,42.1,46.0,5.33874e+19,0.0658,1.86074e+20,1.82469e-15
5.9079,78.9,47.7,54.0,4.32401e+19,0.1737,4.53247e+20,1.48698e-14
5.0976,97.4,41.4,30.4,5.21890e+20,0.3717,2.08240e+20,1.94275e-14
3.2079,80.9,11.4,28.1,1.45157e+19,0.2798,5.01143e+19,3.36909e-14
2.3112,86.0,14.9,29.3,1.46909e+19,0.1688,5.03999e+19,8.59043e-14
9.5312,80.6,25.5,40.9,1.24989e+20,0.2768,2.01854e+20,2.13865e-15
2.2043,66.2,12.1,36.0,2.79649e+20,0.5921,6.81300e+20,3.34331e-15
6.6704,87.6,42.2,21.9,3.33269e+20,0.3104,6.81097e+19,8.89501e-15
3.1215,51.1,46.3,47.5,4.69441e+19,0.3197,2.15091e+20,5.93399e-15
7.3222,75.1,15.6,60.8,2.76445e+19,0.3609,9.95068e+20,2.66893e-15
3.6245,105.2,29.1,30.8,3.61277e+20,0.0628,4.14707e+20,5.85439e-15
1.4733,65.7,10.5,58.1,1.20190e+20,0.5162,1.84416e+20,6.38940e-15
4.8541,58.3,46.9,68.5,1.41845e+19,0.478,1.41104e+20,6.14158e-15
1.6428,107.0,13.6,49.0,1.29047e+20,0.1226,9.25931e+20,3.23527e-15
7.5939,68.7,10.5,31.3,7.83977e+19,0.4042,1.12473e+20,2.99249e-14
6.7194,107.9,27.0,35.6,2.37049e+19,0.2564,1.16776e+20,5.57344e-14
2.5,66.8,44.7,43.4,5.56542e+20,0.1985,1.06853e+20,1.54546e-15
1.9481,82.5,9.0,27.8,1.48815e+19,0.4198,1.60845e+20,2.70542e-15
3.2881,52.7,6.2,42.0,1.36414e+20,0.431,7.05253e+20,3.53669e-15
3.4623,91.7,11.6,52.3,6.01525e+19,0.3975,6.11241e+19,3.25056e-14
4.6157,62.8,12.0,49.7,3.91441e+19,0.3154,4.53732e+20,1.69527e-15
9.2954,81.1,40.5,68.5,2.36857e+20,0.2025,3.78624e+20,7.35248e-14
5.6144,61.2,42.4,24.2,7.67895e+20,0.1418,1.50285e+20,2.78791e-14
5.1568,78.5,45.4,46.1,5.14042e+20,0.3367,5.11534e+19,4.64694e-15
4.9047,63.6,39.6,33.4,3.66401e+20,0.2429,9.86275e+19,1.14065e-14
8.3717,67.1,30.5,43.8,7.97579e+19,0.5797,1.98354e+20,3.43964e-14
6.6643,71.7,20.3,56.0,1.91598e+20,0.0594,3.48584e+20,2.64017e-15
8.1413,84.9,30.2,22.2,1.00046e+20,0.479,5.45947e+19,7.43454e-14
2.0078,54.4,38.3,69.7,2.93514e+19,0.091,6.69330e+20,1.26546e-14
7.4042,108.4,25.1,30.3,3.13847e+19,0.2163,1.91322e+20,6.09596e-15
5.271,83.2,13.6,44.5,6.44974e+20,0.1115,8.61005e+19,7.30090e-15
3.4238,88.1,39.4,39.2,2.56188e+19,0.289,9.21076e+19,1.72616e-15
8.7771,85.1,33.0,32.1,1.85003e+19,0.2413,9.10085e+20,8.44191e-15
4.9678,63.2,41.9,57.3,3.80679e+19,0.2673,1.55493e+20,1.44022e-15
8.5938,88.6,7.6,34.5,4.47796e+19,0.0875,1.54266e+20,3.30492e-14
2.3198,73.1,32.0,25.7,9.42855e+19,0.5462,9.71589e+20,1.51033e-14
6.061,58.5,28.2,33.0,1.31027e+20,0.0794,3.71111e+20,1.58217e-15
7.1905,62.2,49.5,42.6,4.54225e+20,0.3488,1.22014e+20,1.60728e-15
7.6145,94.7,27.8,60.4,9.86479e+20,0.2577,2.75518e+20,1.24781e-15
2.6392,94.2,6.9,49.3,7.07497e+20,0.5396,5.84421e+19,1.75406e-15
8.8943,94.3,41.5,48.4,1.20628e+19,0.2925,5.56548e+19,9.46406e-14
5.1681,53.7,8.5,50.6,9.71118e+19,0.3579,4.38286e+20,2.06765e-14
5.934,93.7,44.5,33.1,7.27257e+19,0.506,5.37033e+20,9.53053e-15
1.3256,79.6,11.5,43.6,1.58464e+20,0.2982,7.82507e+20,5.99081e-15
3.3632,71.9,8.1,22.8,8.81440e+20,0.2336,1.47006e+20,1.93295e-14
3.1451,106.1,21.6,66.8,4.99328e+19,0.2617,5.85980e+20,4.91890e-15
4.3485,81.1,33.2,45.1,1.10089e+20,0.224,5.51562e+20,1.75384e-14
9.7719,90.5,16.1,20.4,1.22839e+20,0.3113,4.47270e+20,5.25463e-15
7.642,64.3,5.7,36.5,1.58712e+20,0.5705,8.59225e+20,2.49313e-14
1.8252,104.0,46.7,34.2,5.88231e+19,0.2694,9.44439e+20,8.30063e-14
1.8522,107.5,33.4,45.4,5.02136e+19,0.5252,5.65085e+19,3.50175e-14
4.8326,79.2,32.3,65.2,2.52195e+19,0.3836,6.12124e+20,1.12589e-15
9.3859,84.6,5.3,49.1,6.04236e+20,0.5499,1.60561e+20,4.12441e-14
3.9552,62.5,35.7,39.6,5.16553e+19,0.5123,3.02069e+20,4.23555e-14
8.1586,78.7,31.5,21.7,1.15541e+19,0.2839,7.97453e+19,1.40846e-15
1.3116,70.8,31.4,28.0,1.09479e+20,0.0813,5.69196e+19,1.59915e-15
7.1531,109.4,6.0,48.7,1.78495e+19,0.2185,8.21146e+20,4.11776e-15
9.6381,77.6,46.2,37.3,4.83579e+19,0.1726,3.41076e+20,7.65327e-15
9.6518,80.0,34.6,40.7,3.16731e+19,0.1402,3.21869e+20,7.30526e-14
9.0681,86.0,49.1,28.3,2.97482e+20,0.4719,2.10359e+20,2.14807e-15
3.0763,83.7,29.3,64.4,5.96405e+20,0.4917,6.00708e+20,2.57374e-14
3.4345,73.2,13.5,35.8,3.82669e+20,0.3676,9.30152e+19,9.30336e-14
7.1248,85.5,17.1,33.0,1.72468e+19,0.3631,6.06839e+20,2.51797e-15
9.6688,92.0,18.4,59.4,1.15603e+20,0.2899,8.93897e+20,9.74252e-15
4.5961,84.5,14.6,26.0,5.79415e+19,0.4304,1.38510e+20,1.45432e-14
6.4782,88.0,41.8,29.8,3.20642e+19,0.5179,2.92023e+20,9.67503e-15
9.2201,73.0,22.4,52.1,2.50781e+20,0.2726,9.63934e+20,1.45976e-15
7.3834,99.4,45.6,48.3,3.43896e+20,0.2446,2.93911e+20,2.10777e-14
7.7967,82.2,22.5,60.8,7.34606e+19,0.5578,7.68723e+19,2.93717e-15
3.2607,88.5,18.9,24.3,2.18106e+19,0.3819,5.23469e+20,9.21197e-14
6.1158,101.8,29.1,33.4,8.26696e+20,0.456,3.16800e+20,9.30812e-15
5.6964,94.0,40.5,67.0,3.22835e+20,0.2324,8.99154e+20,7.51842e-15
9.8346,51.8,33.5,21.6,1.61167e+20,0.1038,8.33424e+20,1.61532e-15
7.22,67.8,24.1,31.2,6.53289e+19,0.1888,2.33192e+20,7.16242e-15
7.9318,95.9,47.5,59.5,1.58741e+19,0.4669,3.26957e+20,2.97758e-15
4.9165,80.2,27.6,60.5,6.94905e+20,0.1988,1.77159e+20,7.80739e-15
6.5942,105.3,21.9,47.1,8.41941e+20,0.1197,2.52235e+20,1.44138e-14
4.0397,89.1,16.0,66.5,4.60207e+19,0.4777,2.43584e+20,2.25333e-14
2.7483,91.4,22.1,50.4,9.92649e+20,0.2703,1.90203e+20,4.09191e-15
6.7768,59.4,47.1,25.3,2.72392e+19,0.4758,9.67155e+19,2.45117e-14
4.0521,93.3,42.6,32.4,1.16855e+20,0.4676,9.66285e+19,2.52666e-14
5.6635,54.5,5.9,31.6,1.47458e+19,0.2868,5.36253e+20,1.48163e-15
9.7105,78.6,10.4,36.5,1.27269e+20,0.254,4.43122e+20,1.31408e-14
1.1575,108.9,33.9,54.3,9.02026e+20,0.4271,6.50520e+19,6.99237e-14
3.0343,86.8,34.6,53.2,1.63792e+19,0.1719,4.27090e+20,1.97336e-14
4.0807,94.1,8.5,60.7,1.81343e+20,0.5306,4.77313e+20,7.68245e-15
9.8707,89.3,28.2,57.5,1.12305e+19,0.0571,9.82906e+19,8.00926e-15
2.6802,67.2,21.3,32.0,1.94274e+20,0.436,1.27427e+20,2.45836e-15
3.0589,71.3,24.9,21.3,4.24992e+19,0.0506,1.99309e+20,2.02043e-14
7.1574,69.1,23.8,67.3,3.09789e+19,0.1611,5.44021e+20,2.58843e-15
9.3453,104.3,45.9,24.6,7.02318e+20,0.438,8.55734e+20,7.48654e-14
4.959,85.3,26.7,48.6,5.35914e+19,0.5976,5.48559e+19,8.55256e-15
2.3817,89.4,41.1,35.0,3.02684e+20,0.0578,7.54664e+20,8.83538e-15
1.3456,103.3,41.2,67.8,8.66499e+19,0.1249,5.60126e+19,2.75944e-14
6.6154,56.9,43.4,51.8,8.93101e+20,0.5236,8.95904e+19,7.09173e-15
2.6195,64.0,41.0,52.2,2.08936e+20,0.539,4.04776e+20,1.09380e-15
5.5586,93.3,21.0,64.6,1.05135e+19,0.4595,8.08509e+20,1.65614e-14
7.7767,81.8,40.8,42.9,3.90368e+20,0.1615,3.22565e+20,2.65493e-14
9.7929,98.6,48.8,41.6,3.21763e+20,0.5318,8.39633e+19,1.67796e-15
6.7531,88.2,7.8,45.8,2.92405e+20,0.2307,4.84185e+20,9.84789e-15
4.5535,78.1,36.8,24.7,9.86648e+19,0.0829,9.91060e+19,1.92818e-15
1.056,90.9,23.2,47.6,1.84371e+20,0.5843,1.70764e+20,2.00144e-15
3.8888,71.2,5.2,36.7,1.05391e+20,0.2419,1.26322e+20,4.02005e-14
1.8695,77.8,22.3,62.9,1.08971e+19,0.0765,7.68656e+20,1.34269e-14
6.4046,52.8,38.0,56.7,1.69890e+19,0.3029,4.84665e+20,3.86765e-15
7.3707,97.0,23.4,56.2,2.30618e+19,0.0806,2.56176e+20,1.37221e-15
8.9209,109.6,31.4,61.1,5.40119e+20,0.1554,5.32669e+19,5.01672e-14
2.8906,94.8,24.8,33.9,6.47579e+19,0.4013,1.29446e+20,5.58425e-15
4.4111,103.5,7.2,69.0,3.52043e+20,0.2303,5.22532e+19,1.17841e-15
3.0013,53.1,12.6,39.8,6.11499e+20,0.3166,1.44621e+20,1.31620e-15
9.0517,96.7,8.9,39.0,7.39784e+19,0.069,6.88516e+20,1.08278e-14
6.9891,70.6,35.4,65.0,1.62176e+20,0.385,7.35108e+19,3.95425e-14
3.8116,95.5,25.0,45.2,2.39013e+19,0.4056,7.61646e+20,3.89351e-15
1.6791,59.2,41.0,42.9,8.37808e+19,0.1908,9.35605e+19,2.39361e-15
6.0161,74.5,16.5,31.4,7.78017e+20,0.5075,2.94888e+20,3.76353e-14
3.8326,76.0,7.3,24.9,1.51805e+19,0.2031,5.34635e+19,1.56330e-14
3.2848,100.3,43.8,34.0,1.02533e+20,0.3748,5.06289e+20,4.74391e-14
3.6768,51.6,12.4,41.5,1.54886e+19,0.5047,7.56912e+19,1.66175e-14
8.6935,87.2,25.3,69.1,1.41308e+20,0.3253,5.82702e+20,1.73804e-15
2.4106,87.7,17.4,39.3,4.38639e+20,0.2054,1.88559e+20,8.67219e-14
7.0375,73.5,27.3,50.0,6.34695e+19,0.3727,1.15788e+20,4.54086e-14
7.8251,99.6,45.7,63.3,5.25275e+20,0.305,4.34660e+20,1.89126e-14
3.5355,80.7,44.5,28.7,5.56719e+19,0.2915,3.38386e+20,9.21003e-15
1.9588,64.1,34.8,34.6,2.34469e+19,0.5834,3.29752e+20,1.61309e-14
1.2701,104.6,48.2,24.0,1.07716e+20,0.5227,8.15352e+19,2.37578e-14
4.8723,108.0,34.8,22.8,1.40061e+19,0.5741,8.11864e+20,6.57755e-15
8.9154,54.7,12.1,49.3,5.60888e+20,0.4221,9.53062e+20,6.92288e-14
2.986,81.7,38.8,62.7,4.43003e+20,0.1341,3.13746e+20,3.47438e-15
2.4002,109.4,26.6,62.4,1.19850e+19,0.0653,6.76888e+20,4.51536e-15
5.3812,100.1,35.0,51.4,2.05550e+19,0.2221,7.12510e+20,7.00631e-15
7.0721,99.2,19.3,26.3,2.20210e+20,0.3341,8.86493e+20,1.11757e-14
8.4663,108.7,19.1,50.1,4.73631e+20,0.3646,8.20901e+19,3.60152e-14
4.7007,108.1,23.7,61.1,2.02584e+20,0.3934,5.47502e+20,1.62578e-14
8.9942,91.0,6.7,45.6,1.58096e+19,0.4828,4.03747e+20,1.12884e-14
3.2487,52.9,34.9,55.5,2.65696e+20,0.4129,2.85760e+20,5.62359e-14
8.4783,88.6,41.9,66.0,3.78292e+20,0.5805,7.88024e+19,2.07474e-14
9.5592,68.4,37.5,66.9,7.64195e+19,0.441,5.14222e+19,5.66973e-14
9.7312,79.7,16.4,69.3,5.53431e+20,0.3385,3.08760e+20,4.61309e-15
7.0659,86.4,20.4,44.6,1.93260e+20,0.2202,1.00450e+20,4.71564e-15
5.6343,79.9,17.3,24.4,5.78497e+20,0.4217,1.52107e+20,6.43849e-14
6.2975,51.3,44.3,47.4,4.75716e+19,0.399,7.72870e+19,3.16651e-15
5.4677,74.3,15.0,33.6,3.27007e+20,0.4331,7.26466e+19,1.22297e-15
9.8857,64.2,6.2,63.9,1.52836e+20,0.2781,6.44877e+19,4.23837e-15
3.54,69.9,22.7,61.8,1.81095e+19,0.5895,2.99049e+20,4.31101e-14
2.6375,92.3,8.4,27.3,2.90717e+19,0.181,1.08521e+20,3.79294e-14
8.629,105.8,29.5,35.5,7.09047e+19,0.2014,4.40250e+20,3.28596e-15
3.7958,67.0,39.5,43.4,2.19094e+19,0.1799,3.95096e+20,4.74280e-15
4.4475,82.3,15.2,51.1,1.76850e+19,0.5962,8.04589e+20,4.52068e-14
2.1404,63.3,17.7,44.6,3.86689e+20,0.1657,2.07184e+20,1.32673e-15
6.0446,75.2,28.5,32.7,2.07223e+20,0.5626,9.09837e+19,1.30233e-14
9.853,65.3,33.7,54.9,1.43400e+19,0.2507,1.25470e+20,1.18475e-14
9.6842,51.8,18.0,64.0,8.63933e+20,0.3013,6.47725e+20,9.45653e-14
3.7889,62.1,22.1,64.2,1.35733e+19,0.1079,7.73769e+20,1.07536e-15
2.488,105.0,15.5,27.4,2.88043e+19,0.1961,3.53909e+20,3.04773e-14
9.1937,72.1,32.8,50.3,1.30362e+19,0.4987,2.03327e+20,6.08906e-14
3.6091,55.7,7.5,47.8,6.79537e+20,0.2801,5.96652e+20,2.05246e-15
9.2291,64.6,15.7,57.6,1.72249e+20,0.5613,6.63142e+20,4.09164e-14
8.092,80.3,21.2,25.0,6.78988e+20,0.4188,3.25187e+20,2.90274e-15
8.3348,68.9,15.3,46.7,7.76061e+19,0.2854,1.71973e+20,4.45618e-15
3.8732,74.6,48.3,60.1,1.21153e+20,0.2884,6.01220e+20,2.18509e-14
4.8454,63.5,18.4,36.3,1.28514e+19,0.5082,8.79486e+19,1.54049e-15
3.4872,54.2,38.1,28.0,1.07038e+19,0.2518,6.25124e+20,2.60727e-14
1.0853,82.7,12.8,30.6,3.41487e+19,0.5871,1.30310e+20,2.13349e-14
1.386,67.6,38.4,37.6,1.49224e+20,0.5769,9.11531e+19,3.37586e-14
4.7463,106.6,20.6,58.9,2.64495e+19,0.0736,5.64086e+20,1.01745e-14
2.8488,91.5,27.2,30.5,1.40370e+20,0.402,2.00623e+20,2.15012e-14
4.2312,73.6,13.1,51.5,1.96776e+20,0.0604,2.50441e+20,3.81838e-14
3.902,99.2,20.1,57.6,3.35596e+20,0.312,9.46776e+19,2.33808e-14
8.4389,70.7,49.3,55.6,1.50188e+19,0.2229,8.46863e+20,2.27052e-15
8.4232,92.8,46.4,50.8,8.21448e+20,0.1576,3.99701e+20,1.10042e-14
9.9065,59.9,16.5,65.1,2.48602e+19,0.0746,2.36461e+20,6.87780e-15
5.4501,58.3,40.7,58.9,4.63251e+19,0.1922,2.67245e+20,1.01421e-15
4.1073,59.0,8.7,67.5,8.61177e+19,0.0666,1.92683e+20,7.79482e-15
1.697,53.4,14.4,61.3,1.02015e+19,0.4582,2.19489e+20,1.95614e-15
2.7455,79.0,43.3,57.0,2.84673e+19,0.0527,1.34993e+20,4.99791e-14
1.4044,100.2,13.2,31.9,2.01246e+19,0.5137,6.32667e+20,1.58316e-14
5.7742,57.1,34.1,23.5,2.99760e+20,0.1453,1.62760e+20,8.15841e-14
1.5262,95.4,36.9,62.7,6.90752e+20,0.2343,6.52213e+19,4.96421e-15
6.7783,50.3,30.1,46.8,1.90177e+19,0.3952,7.93868e+20,1.49519e-15
2.9491,52.2,33.3,25.5,3.90364e+19,0.4539,1.08050e+20,1.79805e-14
4.6727,101.4,16.2,67.9,2.21594e+19,0.591,1.94498e+20,5.38920e-15
2.6933,60.6,43.5,51.4,4.22647e+19,0.1544,1.67146e+20,1.12857e-15
1.5806,53.7,26.3,42.5,3.12747e+19,0.2266,1.32769e+20,6.50778e-14
9.0349,95.1,49.4,37.5,1.34516e+20,0.3877,7.14393e+19,2.68439e-14
7.4583,55.8,37.1,63.5,4.74332e+20,0.5563,2.24205e+20,5.32029e-15
5.2324,82.6,27.3,68.8,2.53399e+20,0.2457,2.17927e+20,1.06118e-15
6.1737,59.7,49.0,52.9,2.13020e+19,0.5275,6.94048e+19,2.11608e-15
6.3819,81.5,43.9,29.1,5.69638e+19,0.1794,5.62494e+19,1.35604e-14
5.0561,76.5,31.2,29.5,1.06288e+19,0.4178,1.64441e+20,6.06837e-14
1.0126,96.4,20.8,27.4,4.25884e+20,0.5331,1.82934e+20,4.34551e-15
7.904,62.6,12.9,41.2,7.49239e+20,0.0635,6.96955e+20,1.80385e-15
7.2316,107.4,30.4,52.8,5.61571e+19,0.3312,1.07044e+20,3.95153e-15
7.5347,63.1,49.0,56.1,2.73562e+20,0.4535,2.87036e+20,3.93706e-15
1.6147,57.0,19.3,68.6,6.66150e+20,0.3776,8.74311e+20,4.67933e-14
1.7905,63.0,16.3,65.6,1.74618e+19,0.5769,7.81409e+20,3.03586e-15
6.7045,107.2,9.8,30.0,3.58288e+20,0.4994,4.94747e+20,2.96872e-14
3.388,105.9,24.6,32.8,3.66813e+20,0.3264,8.74002e+19,2.22831e-15
1.7405,68.6,16.0,34.9,7.92882e+20,0.4388,1.78374e+20,1.23004e-15
7.8077,107.0,32.2,23.2,4.62412e+20,0.3706,6.96355e+19,6.02631e-15
8.1839,60.8,27.5,59.5,2.48932e+19,0.2964,1.12982e+20,1.34642e-14
6.9759,103.1,16.9,58.4,4.95082e+19,0.1496,1.06240e+20,1.98447e-15
8.5152,97.2,15.6,45.0,1.12625e+20,0.1852,8.11791e+19,1.23126e-14
7.1159,55.2,7.9,66.4,9.32305e+19,0.239,2.16103e+20,1.52501e-15
5.3075,102.0,47.9,28.3,3.41948e+20,0.4099,5.89082e+20,4.59644e-14
